{"train_loss":0.28765972773073173,"val_loss":0.2879043151350582,"test loss":0.28771315656957175,"_wandb":{"runtime":1612},"_timestamp":1.7415970271845481e+09,"_runtime":1612.4323379,"_step":39,"epoch":20}