{"epoch":6,"val_loss":0.5235051086970738,"val_acc":6.801007556675064,"train_acc":9.347750261597488,"_wandb":{"runtime":122},"train_loss":0.5217064764764574,"_timestamp":1.7420918272104652e+09,"_runtime":109.6876582,"_step":5}