{"val_acc":16.651162790697676,"_timestamp":1.742163980642382e+09,"epoch":5,"train_acc":16.215873015873015,"val_loss":49.52742595298618,"_wandb":{"runtime":432},"train_loss":36.51518469879984,"_step":4,"_runtime":400.5591084}