{"val_loss":0.49564512453827203,"_timestamp":1.7421664678275356e+09,"_step":3,"_wandb":{"runtime":270},"train_acc":16.6984126984127,"val_acc":16.899224806201552,"epoch":4,"train_loss":0.5061081115171494,"_runtime":265.5446956}