{"_timestamp":1.7421654779667673e+09,"test_acc":16.34285714285714,"_wandb":{"runtime":1410},"train_loss":0.1967686850894318,"epoch":20,"_step":39,"test loss":0.6678670304162162,"val_loss":0.6593529967700734,"train_acc":48.48888888888889,"val_acc":16.899224806201552,"_runtime":1409.8528373}