{"_wandb":{"runtime":367},"train_acc":16.36190476190476,"val_acc":16.37209302325581,"val_loss":1.792685913104637,"_runtime":361.5853011,"_step":3,"epoch":4,"train_loss":1.7921578150529127,"_timestamp":1.7421736134358838e+09}