{"_timestamp":1.7417363797773285e+09,"_runtime":1525.9464645,"_step":39,"test loss":0.2871286131086804,"_wandb":{"runtime":1526},"epoch":20,"train_loss":0.28774832665678945,"val_loss":0.2872174662702224}