{"test_acc":85.52380952380952,"_timestamp":1.7421812107905774e+09,"val_loss":0.5401625697519264,"val_acc":81.45736434108527,"_step":20,"train_acc":86.97777777777777,"_runtime":1811.0784369,"test loss":0.4315737524912471,"train_loss":0.3622950033137673,"_wandb":{"runtime":1811},"epoch":20}