{"_step":6,"train_loss":2.4850285783890755,"val_acc":7.906976744186046,"_timestamp":1.74190789786469e+09,"_runtime":294.1720663,"train_acc":8.361904761904762,"epoch":7,"val_loss":2.485515832901001,"_wandb":{"runtime":330}}