{"train_loss":0.522042069357899,"val_acc":8,"_timestamp":1.7420896165517519e+09,"_runtime":293.446888,"_step":2,"train_acc":7.663492063492064,"val_loss":0.5221376091826195,"epoch":3,"_wandb":{"runtime":296}}