{"train_acc":85.54285714285714,"_step":20,"val_loss":1.9353762771569045,"_timestamp":1.7421850281751e+09,"train_loss":0.4028660408881029,"val_acc":52.86821705426357,"_runtime":1704.0327411,"test loss":1.678525033451262,"test_acc":58.285714285714285,"_wandb":{"runtime":1704},"epoch":20}