{"train_acc":16.685714285714287,"train_loss":0.31106939935876476,"_timestamp":1.7421617001010337e+09,"epoch":7,"val_loss":0.31106939911842346,"_wandb":{"runtime":550},"_step":6,"_runtime":532.6605055,"val_acc":16.37209302325581}