{"_timestamp":1.7421832636588786e+09,"_step":20,"train_acc":88.71746031746032,"val_acc":71.06976744186046,"epoch":20,"test loss":0.7511673349238533,"train_loss":0.3126309042577801,"val_loss":0.9340456431987239,"_runtime":1779.3709343,"_wandb":{"runtime":1779},"test_acc":74.55238095238094}