{"train_acc":92.44444444444444,"_step":29,"epoch":20,"_timestamp":1.7421755178052661e+09,"test_acc":18.057142857142857,"train_loss":0.22070947238187558,"val_loss":13.26857531304453,"_wandb":{"runtime":1811},"val_acc":16,"_runtime":1811.2762991,"test loss":12.757243633270264}