{"val_loss":3.684443146574731,"test loss":3.2126304705937705,"train_acc":91.36507936507937,"_step":29,"epoch":20,"_runtime":1715.5547948,"_timestamp":1.742177444883483e+09,"train_loss":0.24425029769720819,"val_acc":22.511627906976745,"test_acc":23.771428571428572,"_wandb":{"runtime":1715}}