{"val_acc":32.46511627906977,"epoch":20,"_runtime":2307.2056264,"test_acc":34.97142857142857,"train_loss":0.0991161834554151,"_wandb":{"runtime":2308},"train_acc":69.64444444444445,"test loss":0.2820237573413622,"_step":39,"val_loss":0.31558330620036407,"_timestamp":1.7421717661359904e+09}