{"train_loss":1.792264654568815,"val_acc":16.651162790697676,"train_acc":16.57142857142857,"_timestamp":1.7421731141072748e+09,"_step":2,"epoch":3,"_runtime":984.1480845,"val_loss":1.7920714873893588,"_wandb":{"runtime":996}}