{"train_loss":0.522002995255505,"test_acc":8.533333333333333,"val_loss":0.5220029950141907,"_wandb":{"runtime":1727},"train_acc":8.323809523809524,"_runtime":1727.2187861,"val_acc":8.217054263565892,"test loss":0.5220029950141907,"_step":36,"_timestamp":1.7421610282581172e+09,"epoch":20}