{"_runtime":2489.9053343,"_step":39,"epoch":20,"train_loss":2.485046024747223,"val_loss":2.4855023458892225,"test loss":2.4856138342902776,"_wandb":{"runtime":2490},"_timestamp":1.7417389413153062e+09}