{"_wandb":{"runtime":1457},"_runtime":1456.7717388,"train_acc":8.298412698412697,"val_loss":0.5221657437436721,"_timestamp":1.742086875802821e+09,"_step":39,"epoch":20,"train_loss":0.5220469569387706,"val_acc":7.906976744186046,"test loss":0.5221628333841052,"test_acc":8}