{"_timestamp":1.7419065798454547e+09,"val_acc":7.906976744186046,"epoch":4,"val_loss":2.4853481264675366,"_step":3,"train_loss":2.486290326485267,"_wandb":{"runtime":334},"_runtime":285.0540354,"train_acc":8.038095238095238}