{"val_acc":15.875968992248064,"epoch":6,"train_loss":0.4084153630231556,"_step":5,"_wandb":{"runtime":465},"train_acc":16.73015873015873,"_timestamp":1.7421661317522082e+09,"val_loss":0.5168070740559522,"_runtime":409.9977468}