{"_timestamp":1.7419070321229503e+09,"_step":3,"val_acc":7.906976744186046,"_runtime":277.3785458,"train_acc":8.038095238095238,"train_loss":2.48504432203316,"val_loss":2.4853039769565357,"_wandb":{"runtime":298},"epoch":4}