{"_step":39,"test_acc":8.038095238095238,"_wandb":{"runtime":1590},"_timestamp":1.7417751713353462e+09,"val_acc":7.906976744186046,"test loss":2.4856231893811906,"val_loss":2.4853804532219383,"train_acc":8.323809523809524,"_runtime":1590.6180364,"epoch":20,"train_loss":2.48502646573642}