{"train_acc":16.95873015873016,"_runtime":141.5931275,"_wandb":{"runtime":189},"val_acc":16.899224806201552,"_timestamp":1.7421633243940094e+09,"_step":0,"epoch":1,"train_loss":2.1347050363714732,"val_loss":1.8022690011179725}