{"_timestamp":1.7421690989230053e+09,"_step":39,"_wandb":{"runtime":1668},"epoch":20,"train_acc":90.91428571428571,"val_acc":40.06201550387597,"train_loss":0.032039493277126,"test_acc":41.6,"_runtime":1667.7176602,"test loss":1.336862027645111,"val_loss":1.3510557950711717}