{"train_loss":0.2885256666644865,"val_loss":71.22185921727443,"_timestamp":1.7415872775320017e+09,"test loss":0.28869779124146416,"_wandb":{"runtime":3888},"_runtime":3888.0129558,"_step":24,"epoch":5}