{"_wandb":{"runtime":2252},"_step":59,"train_loss":0.5220210709069905,"test_acc":8.038095238095238,"train_acc":8.46984126984127,"_timestamp":1.7421049550908973e+09,"_runtime":2252.1996501,"val_acc":7.906976744186046,"val_loss":0.5221351829229617,"test loss":0.5219487803322929,"epoch":20}