{"epoch":20,"test loss":2.4851908740543185,"val_acc":7.906976744186046,"_runtime":1628.263494,"train_loss":2.4850562748156095,"_timestamp":1.74177322876217e+09,"test_acc":8,"train_acc":8.05079365079365,"val_loss":2.485339417177088,"_wandb":{"runtime":1629},"_step":39}