{"_runtime":135.7160897,"val_acc":16.37209302325581,"epoch":1,"train_loss":0.3213993977611027,"val_loss":0.31106939911842346,"_step":0,"train_acc":16.673015873015874,"_wandb":{"runtime":233},"_timestamp":1.7421621065991158e+09}