{"val_loss":0.5233280999319894,"train_acc":9.347750261597488,"_step":10,"train_loss":0.5215838127666049,"_timestamp":1.7420917002199228e+09,"epoch":11,"_wandb":{"runtime":238},"val_acc":6.801007556675064,"_runtime":233.8508307}