{"val_loss":2.4852765447953167,"epoch":10,"train_acc":8.34920634920635,"_runtime":533.8207166,"_timestamp":1.7419062044871097e+09,"_wandb":{"runtime":574},"train_loss":2.4850053825841742,"val_acc":7.906976744186046,"_step":9}