{"val_loss":0.8062988069711947,"train_acc":85.02222222222223,"test loss":0.7007143845160803,"_step":20,"train_loss":0.4085314887979253,"val_acc":71.50387596899225,"_wandb":{"runtime":1817},"epoch":20,"_timestamp":1.7421869176899462e+09,"test_acc":74.32380952380953,"_runtime":1817.0237662}