{"_step":0,"_runtime":78.2843203,"train_acc":17.117460317460317,"train_loss":0.3334112571559937,"epoch":1,"val_loss":0.3113492791559182,"_wandb":{"runtime":88},"val_acc":16.899224806201552,"_timestamp":1.742163547769142e+09}