{"val_acc":7.906976744186046,"_wandb":{"runtime":1243},"_runtime":1228.7697098,"_step":11,"train_loss":0.5220509461063122,"val_loss":0.5221460520052442,"_timestamp":1.7420912524884787e+09,"epoch":12,"train_acc":8.088888888888889}