{"_step":13,"_timestamp":1.7419056080933056e+09,"train_acc":7.8158730158730165,"epoch":14,"_runtime":394.3330679,"val_acc":7.906976744186046,"val_loss":2.485306384516697,"_wandb":{"runtime":397},"train_loss":2.485025079626786}