{"_timestamp":1.7414343155369422e+09,"_runtime":4369.8643514,"_step":19,"_wandb":{"runtime":4370},"epoch":20,"train_loss":2.4848732697336295,"val_loss":0.09750552475452423}