{"_step":1,"epoch":2,"_runtime":135.8627995,"_wandb":{"runtime":171},"val_loss":2.4851745183651266,"train_acc":8.165079365079366,"train_loss":2.4850132830681337,"val_acc":7.906976744186046,"_timestamp":1.7419072918708553e+09}